--------------------------------------------------------
--  File created - вторник-февраля-27-2018   
--------------------------------------------------------
--------------------------------------------------------
--  DDL for Sequence DEMO_CUST_SEQ
--------------------------------------------------------

   CREATE SEQUENCE  "ARTEM"."DEMO_CUST_SEQ"  MINVALUE 1 MAXVALUE 9999999999999999999999999999 INCREMENT BY 1 START WITH 21 CACHE 20 NOORDER  NOCYCLE ;
--------------------------------------------------------
--  DDL for Sequence DEMO_ORDER_ITEMS_SEQ
--------------------------------------------------------

   CREATE SEQUENCE  "ARTEM"."DEMO_ORDER_ITEMS_SEQ"  MINVALUE 1 MAXVALUE 9999999999999999999999999999 INCREMENT BY 1 START WITH 61 CACHE 20 NOORDER  NOCYCLE ;
--------------------------------------------------------
--  DDL for Sequence DEMO_ORD_SEQ
--------------------------------------------------------

   CREATE SEQUENCE  "ARTEM"."DEMO_ORD_SEQ"  MINVALUE 1 MAXVALUE 9999999999999999999999999999 INCREMENT BY 1 START WITH 11 CACHE 20 NOORDER  NOCYCLE ;
--------------------------------------------------------
--  DDL for Sequence DEMO_PROD_SEQ
--------------------------------------------------------

   CREATE SEQUENCE  "ARTEM"."DEMO_PROD_SEQ"  MINVALUE 1 MAXVALUE 9999999999999999999999999999 INCREMENT BY 1 START WITH 21 CACHE 20 NOORDER  NOCYCLE ;
--------------------------------------------------------
--  DDL for Sequence DEMO_USERS_SEQ
--------------------------------------------------------

   CREATE SEQUENCE  "ARTEM"."DEMO_USERS_SEQ"  MINVALUE 1 MAXVALUE 9999999999999999999999999999 INCREMENT BY 1 START WITH 21 CACHE 20 NOORDER  NOCYCLE ;
--------------------------------------------------------
--  DDL for Table ATTRIBUTES
--------------------------------------------------------

  CREATE TABLE "ARTEM"."ATTRIBUTES" 
   (	"ATTR_ID" NUMBER, 
	"NAME" VARCHAR2(32 BYTE), 
	"OBJECT_TYPE_ID" NUMBER
   ) SEGMENT CREATION IMMEDIATE 
  PCTFREE 10 PCTUSED 40 INITRANS 1 MAXTRANS 255 NOCOMPRESS LOGGING
  STORAGE(INITIAL 65536 NEXT 1048576 MINEXTENTS 1 MAXEXTENTS 2147483645
  PCTINCREASE 0 FREELISTS 1 FREELIST GROUPS 1 BUFFER_POOL DEFAULT FLASH_CACHE DEFAULT CELL_FLASH_CACHE DEFAULT)
  TABLESPACE "USERS" ;
--------------------------------------------------------
--  DDL for Table OBJECT_TYPE
--------------------------------------------------------

  CREATE TABLE "ARTEM"."OBJECT_TYPE" 
   (	"NAME" VARCHAR2(32 BYTE), 
	"OBJECT_TYPE_ID" NUMBER
   ) SEGMENT CREATION IMMEDIATE 
  PCTFREE 10 PCTUSED 40 INITRANS 1 MAXTRANS 255 NOCOMPRESS LOGGING
  STORAGE(INITIAL 65536 NEXT 1048576 MINEXTENTS 1 MAXEXTENTS 2147483645
  PCTINCREASE 0 FREELISTS 1 FREELIST GROUPS 1 BUFFER_POOL DEFAULT FLASH_CACHE DEFAULT CELL_FLASH_CACHE DEFAULT)
  TABLESPACE "USERS" ;
--------------------------------------------------------
--  DDL for Table OBJECTS
--------------------------------------------------------

  CREATE TABLE "ARTEM"."OBJECTS" 
   (	"OBJECT_ID" RAW(32) DEFAULT sys_guid(), 
	"NAME" VARCHAR2(32 BYTE), 
	"OBJECT_TYPE_ID" NUMBER DEFAULT NULL
   ) SEGMENT CREATION IMMEDIATE 
  PCTFREE 10 PCTUSED 40 INITRANS 1 MAXTRANS 255 NOCOMPRESS LOGGING
  STORAGE(INITIAL 65536 NEXT 1048576 MINEXTENTS 1 MAXEXTENTS 2147483645
  PCTINCREASE 0 FREELISTS 1 FREELIST GROUPS 1 BUFFER_POOL DEFAULT FLASH_CACHE DEFAULT CELL_FLASH_CACHE DEFAULT)
  TABLESPACE "USERS" ;
--------------------------------------------------------
--  DDL for Table PARAMS
--------------------------------------------------------

  CREATE TABLE "ARTEM"."PARAMS" 
   (	"TEXT_VALUE" VARCHAR2(32 BYTE), 
	"NUMBER_VALUE" NUMBER, 
	"DATA_VALUE" DATE, 
	"OBJECT_ID" RAW(32), 
	"ATTR_ID" NUMBER
   ) SEGMENT CREATION IMMEDIATE 
  PCTFREE 10 PCTUSED 40 INITRANS 1 MAXTRANS 255 NOCOMPRESS LOGGING
  STORAGE(INITIAL 65536 NEXT 1048576 MINEXTENTS 1 MAXEXTENTS 2147483645
  PCTINCREASE 0 FREELISTS 1 FREELIST GROUPS 1 BUFFER_POOL DEFAULT FLASH_CACHE DEFAULT CELL_FLASH_CACHE DEFAULT)
  TABLESPACE "USERS" ;
REM INSERTING into ARTEM.ATTRIBUTES
SET DEFINE OFF;
Insert into ARTEM.ATTRIBUTES (ATTR_ID,NAME,OBJECT_TYPE_ID) values ('2','SURNAME','2');
Insert into ARTEM.ATTRIBUTES (ATTR_ID,NAME,OBJECT_TYPE_ID) values ('3','JOB','2');
Insert into ARTEM.ATTRIBUTES (ATTR_ID,NAME,OBJECT_TYPE_ID) values ('4','HIREDATE','2');
Insert into ARTEM.ATTRIBUTES (ATTR_ID,NAME,OBJECT_TYPE_ID) values ('5','SALARY','2');
Insert into ARTEM.ATTRIBUTES (ATTR_ID,NAME,OBJECT_TYPE_ID) values ('6','DEPARTMENT_NAME','2');
Insert into ARTEM.ATTRIBUTES (ATTR_ID,NAME,OBJECT_TYPE_ID) values ('10','LOCATION','1');
Insert into ARTEM.ATTRIBUTES (ATTR_ID,NAME,OBJECT_TYPE_ID) values ('11','ROLE','3');
Insert into ARTEM.ATTRIBUTES (ATTR_ID,NAME,OBJECT_TYPE_ID) values ('12','PASSWORD','3');
Insert into ARTEM.ATTRIBUTES (ATTR_ID,NAME,OBJECT_TYPE_ID) values ('20','JOB_PARAMETER','4');
REM INSERTING into ARTEM.OBJECT_TYPE
SET DEFINE OFF;
Insert into ARTEM.OBJECT_TYPE (NAME,OBJECT_TYPE_ID) values ('DEPARTMENT','1');
Insert into ARTEM.OBJECT_TYPE (NAME,OBJECT_TYPE_ID) values ('EMPLOYEE','2');
Insert into ARTEM.OBJECT_TYPE (NAME,OBJECT_TYPE_ID) values ('USER','3');
Insert into ARTEM.OBJECT_TYPE (NAME,OBJECT_TYPE_ID) values ('JOB','4');
REM INSERTING into ARTEM.OBJECTS
SET DEFINE OFF;
Insert into ARTEM.OBJECTS (OBJECT_ID,NAME,OBJECT_TYPE_ID) values ('66890C02AD9840D297BF5B36BD8BE639','JOB_PRESIDENT','4');
Insert into ARTEM.OBJECTS (OBJECT_ID,NAME,OBJECT_TYPE_ID) values ('5B3BF6560D534C0F94D80D1A2D7F3348','JOB_MANAGER','4');
Insert into ARTEM.OBJECTS (OBJECT_ID,NAME,OBJECT_TYPE_ID) values ('3BCFB6302B4949C0A71A53D4EE763E9C','JOB_SYSTEM_ANALYST','4');
Insert into ARTEM.OBJECTS (OBJECT_ID,NAME,OBJECT_TYPE_ID) values ('CCA8ED303DC849EEB7ECED9B1FB472C0','JOB_SOLUTION_ARCHITECT','4');
Insert into ARTEM.OBJECTS (OBJECT_ID,NAME,OBJECT_TYPE_ID) values ('974CB2E289654DCCB53458F68CDC3D21','JOB_REGIONAL_MANAGER','4');
Insert into ARTEM.OBJECTS (OBJECT_ID,NAME,OBJECT_TYPE_ID) values ('59E322F5295A46BA99A63CFAA18F880D','JOB_SENIOR_DEVELOPER','4');
Insert into ARTEM.OBJECTS (OBJECT_ID,NAME,OBJECT_TYPE_ID) values ('8A6D2B09A68144178FCCCCFCF84091E7','JOB_MIDDLE_DEVELOPER','4');
Insert into ARTEM.OBJECTS (OBJECT_ID,NAME,OBJECT_TYPE_ID) values ('F314F6D893F84D2DAB50D8816542F5A5','JOB_JUNIOR_DEVELOPER','4');
Insert into ARTEM.OBJECTS (OBJECT_ID,NAME,OBJECT_TYPE_ID) values ('63E96AF2CAFA4CA0826D71120CE5ED6D','JOB_BUSINESS_ANALYST','4');
Insert into ARTEM.OBJECTS (OBJECT_ID,NAME,OBJECT_TYPE_ID) values ('2CAA87EB154046EDB91E7D4822A90945','JOB_DEVOPS','4');
Insert into ARTEM.OBJECTS (OBJECT_ID,NAME,OBJECT_TYPE_ID) values ('9CD0D2C991524E6E860BEE68D8A063C0','KYIV DEVELOPERS DEPARTMENT','1');
Insert into ARTEM.OBJECTS (OBJECT_ID,NAME,OBJECT_TYPE_ID) values ('1815080F60BB44D98BD94E242ACBB5B8','KHARKIV BA DEPARTMENT','1');
Insert into ARTEM.OBJECTS (OBJECT_ID,NAME,OBJECT_TYPE_ID) values ('1C330BD13DC443E9A950BA9137DF536B','ARTEMCLONE','2');
Insert into ARTEM.OBJECTS (OBJECT_ID,NAME,OBJECT_TYPE_ID) values ('0B87E5F4B20A465D8FC940E8EACE2D48','artem','3');
Insert into ARTEM.OBJECTS (OBJECT_ID,NAME,OBJECT_TYPE_ID) values ('5CBF696E00F74876BCD2EABEA20785C9','Artem','2');
REM INSERTING into ARTEM.PARAMS
SET DEFINE OFF;
Insert into ARTEM.PARAMS (TEXT_VALUE,NUMBER_VALUE,DATA_VALUE,OBJECT_ID,ATTR_ID) values ('KYIV',null,null,'9CD0D2C991524E6E860BEE68D8A063C0','10');
Insert into ARTEM.PARAMS (TEXT_VALUE,NUMBER_VALUE,DATA_VALUE,OBJECT_ID,ATTR_ID) values ('KHARKIV',null,null,'1815080F60BB44D98BD94E242ACBB5B8','10');
Insert into ARTEM.PARAMS (TEXT_VALUE,NUMBER_VALUE,DATA_VALUE,OBJECT_ID,ATTR_ID) values (null,null,to_date('27.02.2018','DD.MM.RRRR'),'1C330BD13DC443E9A950BA9137DF536B','4');
Insert into ARTEM.PARAMS (TEXT_VALUE,NUMBER_VALUE,DATA_VALUE,OBJECT_ID,ATTR_ID) values (null,'100000',null,'1C330BD13DC443E9A950BA9137DF536B','5');
Insert into ARTEM.PARAMS (TEXT_VALUE,NUMBER_VALUE,DATA_VALUE,OBJECT_ID,ATTR_ID) values ('KYIV DEVELOPERS DEPARTMENT',null,null,'1C330BD13DC443E9A950BA9137DF536B','6');
Insert into ARTEM.PARAMS (TEXT_VALUE,NUMBER_VALUE,DATA_VALUE,OBJECT_ID,ATTR_ID) values ('Derevets',null,null,'1C330BD13DC443E9A950BA9137DF536B','2');
Insert into ARTEM.PARAMS (TEXT_VALUE,NUMBER_VALUE,DATA_VALUE,OBJECT_ID,ATTR_ID) values ('SOLUTION ARCHITECT',null,null,'1C330BD13DC443E9A950BA9137DF536B','3');
Insert into ARTEM.PARAMS (TEXT_VALUE,NUMBER_VALUE,DATA_VALUE,OBJECT_ID,ATTR_ID) values ('artem',null,null,'0B87E5F4B20A465D8FC940E8EACE2D48','12');
Insert into ARTEM.PARAMS (TEXT_VALUE,NUMBER_VALUE,DATA_VALUE,OBJECT_ID,ATTR_ID) values (null,'2',null,'0B87E5F4B20A465D8FC940E8EACE2D48','11');
Insert into ARTEM.PARAMS (TEXT_VALUE,NUMBER_VALUE,DATA_VALUE,OBJECT_ID,ATTR_ID) values ('Derevets',null,null,'5CBF696E00F74876BCD2EABEA20785C9','2');
Insert into ARTEM.PARAMS (TEXT_VALUE,NUMBER_VALUE,DATA_VALUE,OBJECT_ID,ATTR_ID) values ('PRESIDENT',null,null,'5CBF696E00F74876BCD2EABEA20785C9','3');
Insert into ARTEM.PARAMS (TEXT_VALUE,NUMBER_VALUE,DATA_VALUE,OBJECT_ID,ATTR_ID) values (null,null,to_date('27.02.2018','DD.MM.RRRR'),'5CBF696E00F74876BCD2EABEA20785C9','4');
Insert into ARTEM.PARAMS (TEXT_VALUE,NUMBER_VALUE,DATA_VALUE,OBJECT_ID,ATTR_ID) values (null,'100000',null,'5CBF696E00F74876BCD2EABEA20785C9','5');
Insert into ARTEM.PARAMS (TEXT_VALUE,NUMBER_VALUE,DATA_VALUE,OBJECT_ID,ATTR_ID) values ('KYIV DEVELOPERS DEPARTMENT',null,null,'5CBF696E00F74876BCD2EABEA20785C9','6');
Insert into ARTEM.PARAMS (TEXT_VALUE,NUMBER_VALUE,DATA_VALUE,OBJECT_ID,ATTR_ID) values ('PRESIDENT',null,null,'66890C02AD9840D297BF5B36BD8BE639','20');
Insert into ARTEM.PARAMS (TEXT_VALUE,NUMBER_VALUE,DATA_VALUE,OBJECT_ID,ATTR_ID) values ('REGIONAL_MANAGER',null,null,'974CB2E289654DCCB53458F68CDC3D21','20');
Insert into ARTEM.PARAMS (TEXT_VALUE,NUMBER_VALUE,DATA_VALUE,OBJECT_ID,ATTR_ID) values ('MANAGER',null,null,'5B3BF6560D534C0F94D80D1A2D7F3348','20');
Insert into ARTEM.PARAMS (TEXT_VALUE,NUMBER_VALUE,DATA_VALUE,OBJECT_ID,ATTR_ID) values ('SYSTEM ANALYST',null,null,'3BCFB6302B4949C0A71A53D4EE763E9C','20');
Insert into ARTEM.PARAMS (TEXT_VALUE,NUMBER_VALUE,DATA_VALUE,OBJECT_ID,ATTR_ID) values ('SOLUTION ARCHITECT',null,null,'CCA8ED303DC849EEB7ECED9B1FB472C0','20');
Insert into ARTEM.PARAMS (TEXT_VALUE,NUMBER_VALUE,DATA_VALUE,OBJECT_ID,ATTR_ID) values ('SENIOR DEVELOPER',null,null,'59E322F5295A46BA99A63CFAA18F880D','20');
Insert into ARTEM.PARAMS (TEXT_VALUE,NUMBER_VALUE,DATA_VALUE,OBJECT_ID,ATTR_ID) values ('MIDDLE DEVELOPER',null,null,'8A6D2B09A68144178FCCCCFCF84091E7','20');
Insert into ARTEM.PARAMS (TEXT_VALUE,NUMBER_VALUE,DATA_VALUE,OBJECT_ID,ATTR_ID) values ('JUNIOR DEVELOPER',null,null,'F314F6D893F84D2DAB50D8816542F5A5','20');
Insert into ARTEM.PARAMS (TEXT_VALUE,NUMBER_VALUE,DATA_VALUE,OBJECT_ID,ATTR_ID) values ('BUSINESS ANALYST',null,null,'63E96AF2CAFA4CA0826D71120CE5ED6D','20');
Insert into ARTEM.PARAMS (TEXT_VALUE,NUMBER_VALUE,DATA_VALUE,OBJECT_ID,ATTR_ID) values ('DEV OPS',null,null,'2CAA87EB154046EDB91E7D4822A90945','20');
--------------------------------------------------------
--  DDL for Index SYS_C007180
--------------------------------------------------------

  CREATE UNIQUE INDEX "ARTEM"."SYS_C007180" ON "ARTEM"."ATTRIBUTES" ("ATTR_ID") 
  PCTFREE 10 INITRANS 2 MAXTRANS 255 
  STORAGE(INITIAL 65536 NEXT 1048576 MINEXTENTS 1 MAXEXTENTS 2147483645
  PCTINCREASE 0 FREELISTS 1 FREELIST GROUPS 1 BUFFER_POOL DEFAULT FLASH_CACHE DEFAULT CELL_FLASH_CACHE DEFAULT)
  TABLESPACE "USERS" ;
--------------------------------------------------------
--  DDL for Index SYS_C007176
--------------------------------------------------------

  CREATE UNIQUE INDEX "ARTEM"."SYS_C007176" ON "ARTEM"."OBJECT_TYPE" ("OBJECT_TYPE_ID") 
  PCTFREE 10 INITRANS 2 MAXTRANS 255 
  STORAGE(INITIAL 65536 NEXT 1048576 MINEXTENTS 1 MAXEXTENTS 2147483645
  PCTINCREASE 0 FREELISTS 1 FREELIST GROUPS 1 BUFFER_POOL DEFAULT FLASH_CACHE DEFAULT CELL_FLASH_CACHE DEFAULT)
  TABLESPACE "USERS" ;
--------------------------------------------------------
--  DDL for Index SYS_C007174
--------------------------------------------------------

  CREATE UNIQUE INDEX "ARTEM"."SYS_C007174" ON "ARTEM"."OBJECTS" ("OBJECT_ID") 
  PCTFREE 10 INITRANS 2 MAXTRANS 255 
  STORAGE(INITIAL 65536 NEXT 1048576 MINEXTENTS 1 MAXEXTENTS 2147483645
  PCTINCREASE 0 FREELISTS 1 FREELIST GROUPS 1 BUFFER_POOL DEFAULT FLASH_CACHE DEFAULT CELL_FLASH_CACHE DEFAULT)
  TABLESPACE "USERS" ;
--------------------------------------------------------
--  DDL for Function CUSTOM_AUTH
--------------------------------------------------------

  CREATE OR REPLACE FUNCTION "ARTEM"."CUSTOM_AUTH" (p_username in VARCHAR2, p_password in VARCHAR2)
return BOOLEAN
is
  l_password varchar2(4000);
  l_stored_password varchar2(4000);
  l_expires_on date;
  l_count number;
begin
-- First, check to see if the user is in the user table
select count(*) into l_count from demo_users where user_name = p_username;
if l_count > 0 then
  -- First, we fetch the stored hashed password & expire date
  select password, expires_on into l_stored_password, l_expires_on
   from demo_users where user_name = p_username;

  -- Next, we check to see if the user's account is expired
  -- If it is, return FALSE
  if l_expires_on > sysdate or l_expires_on is null then

    -- If the account is not expired, we have to apply the custom hash
    -- function to the password
    l_password := custom_hash(p_username, p_password);

    -- Finally, we compare them to see if they are the same and return
    -- either TRUE or FALSE
    if l_password = l_stored_password then
      return true;
    else
      return false;
    end if;
  else
    return false;
  end if;
else
  -- The username provided is not in the DEMO_USERS table
  return false;
end if;
end;

/
--------------------------------------------------------
--  DDL for Function CUSTOM_HASH
--------------------------------------------------------

  CREATE OR REPLACE FUNCTION "ARTEM"."CUSTOM_HASH" (p_username in varchar2, p_password in varchar2)
return varchar2
is
  l_password varchar2(4000);
  l_salt varchar2(4000) := 'QYDPBWSBZT6RHTP7RM4OEM3BK4CYPM';
begin

-- This function should be wrapped, as the hash algorhythm is exposed here.
-- You can change the value of l_salt or the method of which to call the
-- DBMS_OBFUSCATOIN toolkit, but you much reset all of your passwords
-- if you choose to do this.

l_password := utl_raw.cast_to_raw(dbms_obfuscation_toolkit.md5
  (input_string => p_password || substr(l_salt,10,13) || p_username ||
    substr(l_salt, 4,10)));
return l_password;
end;

/
--------------------------------------------------------
--  Constraints for Table ATTRIBUTES
--------------------------------------------------------

  ALTER TABLE "ARTEM"."ATTRIBUTES" ADD PRIMARY KEY ("ATTR_ID")
  USING INDEX PCTFREE 10 INITRANS 2 MAXTRANS 255 
  STORAGE(INITIAL 65536 NEXT 1048576 MINEXTENTS 1 MAXEXTENTS 2147483645
  PCTINCREASE 0 FREELISTS 1 FREELIST GROUPS 1 BUFFER_POOL DEFAULT FLASH_CACHE DEFAULT CELL_FLASH_CACHE DEFAULT)
  TABLESPACE "USERS"  ENABLE;
  ALTER TABLE "ARTEM"."ATTRIBUTES" MODIFY ("NAME" NOT NULL ENABLE);
  ALTER TABLE "ARTEM"."ATTRIBUTES" MODIFY ("ATTR_ID" NOT NULL ENABLE);
--------------------------------------------------------
--  Constraints for Table OBJECT_TYPE
--------------------------------------------------------

  ALTER TABLE "ARTEM"."OBJECT_TYPE" ADD PRIMARY KEY ("OBJECT_TYPE_ID")
  USING INDEX PCTFREE 10 INITRANS 2 MAXTRANS 255 
  STORAGE(INITIAL 65536 NEXT 1048576 MINEXTENTS 1 MAXEXTENTS 2147483645
  PCTINCREASE 0 FREELISTS 1 FREELIST GROUPS 1 BUFFER_POOL DEFAULT FLASH_CACHE DEFAULT CELL_FLASH_CACHE DEFAULT)
  TABLESPACE "USERS"  ENABLE;
  ALTER TABLE "ARTEM"."OBJECT_TYPE" MODIFY ("NAME" NOT NULL ENABLE);
--------------------------------------------------------
--  Constraints for Table OBJECTS
--------------------------------------------------------

  ALTER TABLE "ARTEM"."OBJECTS" ADD PRIMARY KEY ("OBJECT_ID")
  USING INDEX PCTFREE 10 INITRANS 2 MAXTRANS 255 
  STORAGE(INITIAL 65536 NEXT 1048576 MINEXTENTS 1 MAXEXTENTS 2147483645
  PCTINCREASE 0 FREELISTS 1 FREELIST GROUPS 1 BUFFER_POOL DEFAULT FLASH_CACHE DEFAULT CELL_FLASH_CACHE DEFAULT)
  TABLESPACE "USERS"  ENABLE;
  ALTER TABLE "ARTEM"."OBJECTS" MODIFY ("OBJECT_TYPE_ID" NOT NULL ENABLE);
  ALTER TABLE "ARTEM"."OBJECTS" MODIFY ("NAME" NOT NULL ENABLE);
  ALTER TABLE "ARTEM"."OBJECTS" MODIFY ("OBJECT_ID" NOT NULL ENABLE);
--------------------------------------------------------
--  Constraints for Table PARAMS
--------------------------------------------------------

  ALTER TABLE "ARTEM"."PARAMS" MODIFY ("ATTR_ID" NOT NULL ENABLE);
  ALTER TABLE "ARTEM"."PARAMS" MODIFY ("OBJECT_ID" NOT NULL ENABLE);
--------------------------------------------------------
--  Ref Constraints for Table ATTRIBUTES
--------------------------------------------------------

  ALTER TABLE "ARTEM"."ATTRIBUTES" ADD CONSTRAINT "ATTRIBUTES_OBJECT_TYPE_FK" FOREIGN KEY ("OBJECT_TYPE_ID")
	  REFERENCES "ARTEM"."OBJECT_TYPE" ("OBJECT_TYPE_ID") ENABLE;
--------------------------------------------------------
--  Ref Constraints for Table OBJECTS
--------------------------------------------------------

  ALTER TABLE "ARTEM"."OBJECTS" ADD CONSTRAINT "OBJECT_TYPE_ID_FK" FOREIGN KEY ("OBJECT_TYPE_ID")
	  REFERENCES "ARTEM"."OBJECT_TYPE" ("OBJECT_TYPE_ID") ENABLE;
--------------------------------------------------------
--  Ref Constraints for Table PARAMS
--------------------------------------------------------

  ALTER TABLE "ARTEM"."PARAMS" ADD CONSTRAINT "PARAMS_ATTRIBUTES_ATTR_ID_FK" FOREIGN KEY ("ATTR_ID")
	  REFERENCES "ARTEM"."ATTRIBUTES" ("ATTR_ID") ENABLE;
  ALTER TABLE "ARTEM"."PARAMS" ADD CONSTRAINT "PARAMS_OBJECTS_OBJECT_ID_FK" FOREIGN KEY ("OBJECT_ID")
	  REFERENCES "ARTEM"."OBJECTS" ("OBJECT_ID") ON DELETE CASCADE ENABLE;
